USE [master]
GO
/****** Object:  Database [D571D10D829540F46EAC535478A02676_PROYECTOS\PROCESO DE SELECCIÓN\PRUEBA NUEVA\SOLUCION\FACTURACION.WEB\APP_DATA\FACTURACIONDB.MDF]    Script Date: 14/9/2018 10:42:40 ******/
CREATE DATABASE [D571D10D829540F46EAC535478A02676_PROYECTOS\PROCESO DE SELECCIÓN\PRUEBA NUEVA\SOLUCION\FACTURACION.WEB\APP_DATA\FACTURACIONDB.MDF]
 CONTAINMENT = NONE
 ON  PRIMARY 
( NAME = N'FacturacionDB', FILENAME = N'C:\Users\cterevinto\Desktop\FacturacionDB.mdf' , SIZE = 8192KB , MAXSIZE = UNLIMITED, FILEGROWTH = 65536KB )
 LOG ON 
( NAME = N'FacturacionDB_log', FILENAME = N'C:\Users\cterevinto\Desktop\FacturacionDB_log.ldf' , SIZE = 8192KB , MAXSIZE = 2048GB , FILEGROWTH = 65536KB )
GO
ALTER DATABASE [D571D10D829540F46EAC535478A02676_PROYECTOS\PROCESO DE SELECCIÓN\PRUEBA NUEVA\SOLUCION\FACTURACION.WEB\APP_DATA\FACTURACIONDB.MDF] SET COMPATIBILITY_LEVEL = 130
GO
IF (1 = FULLTEXTSERVICEPROPERTY('IsFullTextInstalled'))
begin
EXEC [D571D10D829540F46EAC535478A02676_PROYECTOS\PROCESO DE SELECCIÓN\PRUEBA NUEVA\SOLUCION\FACTURACION.WEB\APP_DATA\FACTURACIONDB.MDF].[dbo].[sp_fulltext_database] @action = 'enable'
end
GO
ALTER DATABASE [D571D10D829540F46EAC535478A02676_PROYECTOS\PROCESO DE SELECCIÓN\PRUEBA NUEVA\SOLUCION\FACTURACION.WEB\APP_DATA\FACTURACIONDB.MDF] SET ANSI_NULL_DEFAULT OFF 
GO
ALTER DATABASE [D571D10D829540F46EAC535478A02676_PROYECTOS\PROCESO DE SELECCIÓN\PRUEBA NUEVA\SOLUCION\FACTURACION.WEB\APP_DATA\FACTURACIONDB.MDF] SET ANSI_NULLS OFF 
GO
ALTER DATABASE [D571D10D829540F46EAC535478A02676_PROYECTOS\PROCESO DE SELECCIÓN\PRUEBA NUEVA\SOLUCION\FACTURACION.WEB\APP_DATA\FACTURACIONDB.MDF] SET ANSI_PADDING OFF 
GO
ALTER DATABASE [D571D10D829540F46EAC535478A02676_PROYECTOS\PROCESO DE SELECCIÓN\PRUEBA NUEVA\SOLUCION\FACTURACION.WEB\APP_DATA\FACTURACIONDB.MDF] SET ANSI_WARNINGS OFF 
GO
ALTER DATABASE [D571D10D829540F46EAC535478A02676_PROYECTOS\PROCESO DE SELECCIÓN\PRUEBA NUEVA\SOLUCION\FACTURACION.WEB\APP_DATA\FACTURACIONDB.MDF] SET ARITHABORT OFF 
GO
ALTER DATABASE [D571D10D829540F46EAC535478A02676_PROYECTOS\PROCESO DE SELECCIÓN\PRUEBA NUEVA\SOLUCION\FACTURACION.WEB\APP_DATA\FACTURACIONDB.MDF] SET AUTO_CLOSE ON 
GO
ALTER DATABASE [D571D10D829540F46EAC535478A02676_PROYECTOS\PROCESO DE SELECCIÓN\PRUEBA NUEVA\SOLUCION\FACTURACION.WEB\APP_DATA\FACTURACIONDB.MDF] SET AUTO_SHRINK ON 
GO
ALTER DATABASE [D571D10D829540F46EAC535478A02676_PROYECTOS\PROCESO DE SELECCIÓN\PRUEBA NUEVA\SOLUCION\FACTURACION.WEB\APP_DATA\FACTURACIONDB.MDF] SET AUTO_UPDATE_STATISTICS ON 
GO
ALTER DATABASE [D571D10D829540F46EAC535478A02676_PROYECTOS\PROCESO DE SELECCIÓN\PRUEBA NUEVA\SOLUCION\FACTURACION.WEB\APP_DATA\FACTURACIONDB.MDF] SET CURSOR_CLOSE_ON_COMMIT OFF 
GO
ALTER DATABASE [D571D10D829540F46EAC535478A02676_PROYECTOS\PROCESO DE SELECCIÓN\PRUEBA NUEVA\SOLUCION\FACTURACION.WEB\APP_DATA\FACTURACIONDB.MDF] SET CURSOR_DEFAULT  GLOBAL 
GO
ALTER DATABASE [D571D10D829540F46EAC535478A02676_PROYECTOS\PROCESO DE SELECCIÓN\PRUEBA NUEVA\SOLUCION\FACTURACION.WEB\APP_DATA\FACTURACIONDB.MDF] SET CONCAT_NULL_YIELDS_NULL OFF 
GO
ALTER DATABASE [D571D10D829540F46EAC535478A02676_PROYECTOS\PROCESO DE SELECCIÓN\PRUEBA NUEVA\SOLUCION\FACTURACION.WEB\APP_DATA\FACTURACIONDB.MDF] SET NUMERIC_ROUNDABORT OFF 
GO
ALTER DATABASE [D571D10D829540F46EAC535478A02676_PROYECTOS\PROCESO DE SELECCIÓN\PRUEBA NUEVA\SOLUCION\FACTURACION.WEB\APP_DATA\FACTURACIONDB.MDF] SET QUOTED_IDENTIFIER OFF 
GO
ALTER DATABASE [D571D10D829540F46EAC535478A02676_PROYECTOS\PROCESO DE SELECCIÓN\PRUEBA NUEVA\SOLUCION\FACTURACION.WEB\APP_DATA\FACTURACIONDB.MDF] SET RECURSIVE_TRIGGERS OFF 
GO
ALTER DATABASE [D571D10D829540F46EAC535478A02676_PROYECTOS\PROCESO DE SELECCIÓN\PRUEBA NUEVA\SOLUCION\FACTURACION.WEB\APP_DATA\FACTURACIONDB.MDF] SET  DISABLE_BROKER 
GO
ALTER DATABASE [D571D10D829540F46EAC535478A02676_PROYECTOS\PROCESO DE SELECCIÓN\PRUEBA NUEVA\SOLUCION\FACTURACION.WEB\APP_DATA\FACTURACIONDB.MDF] SET AUTO_UPDATE_STATISTICS_ASYNC OFF 
GO
ALTER DATABASE [D571D10D829540F46EAC535478A02676_PROYECTOS\PROCESO DE SELECCIÓN\PRUEBA NUEVA\SOLUCION\FACTURACION.WEB\APP_DATA\FACTURACIONDB.MDF] SET DATE_CORRELATION_OPTIMIZATION OFF 
GO
ALTER DATABASE [D571D10D829540F46EAC535478A02676_PROYECTOS\PROCESO DE SELECCIÓN\PRUEBA NUEVA\SOLUCION\FACTURACION.WEB\APP_DATA\FACTURACIONDB.MDF] SET TRUSTWORTHY OFF 
GO
ALTER DATABASE [D571D10D829540F46EAC535478A02676_PROYECTOS\PROCESO DE SELECCIÓN\PRUEBA NUEVA\SOLUCION\FACTURACION.WEB\APP_DATA\FACTURACIONDB.MDF] SET ALLOW_SNAPSHOT_ISOLATION OFF 
GO
ALTER DATABASE [D571D10D829540F46EAC535478A02676_PROYECTOS\PROCESO DE SELECCIÓN\PRUEBA NUEVA\SOLUCION\FACTURACION.WEB\APP_DATA\FACTURACIONDB.MDF] SET PARAMETERIZATION SIMPLE 
GO
ALTER DATABASE [D571D10D829540F46EAC535478A02676_PROYECTOS\PROCESO DE SELECCIÓN\PRUEBA NUEVA\SOLUCION\FACTURACION.WEB\APP_DATA\FACTURACIONDB.MDF] SET READ_COMMITTED_SNAPSHOT OFF 
GO
ALTER DATABASE [D571D10D829540F46EAC535478A02676_PROYECTOS\PROCESO DE SELECCIÓN\PRUEBA NUEVA\SOLUCION\FACTURACION.WEB\APP_DATA\FACTURACIONDB.MDF] SET HONOR_BROKER_PRIORITY OFF 
GO
ALTER DATABASE [D571D10D829540F46EAC535478A02676_PROYECTOS\PROCESO DE SELECCIÓN\PRUEBA NUEVA\SOLUCION\FACTURACION.WEB\APP_DATA\FACTURACIONDB.MDF] SET RECOVERY SIMPLE 
GO
ALTER DATABASE [D571D10D829540F46EAC535478A02676_PROYECTOS\PROCESO DE SELECCIÓN\PRUEBA NUEVA\SOLUCION\FACTURACION.WEB\APP_DATA\FACTURACIONDB.MDF] SET  MULTI_USER 
GO
ALTER DATABASE [D571D10D829540F46EAC535478A02676_PROYECTOS\PROCESO DE SELECCIÓN\PRUEBA NUEVA\SOLUCION\FACTURACION.WEB\APP_DATA\FACTURACIONDB.MDF] SET PAGE_VERIFY CHECKSUM  
GO
ALTER DATABASE [D571D10D829540F46EAC535478A02676_PROYECTOS\PROCESO DE SELECCIÓN\PRUEBA NUEVA\SOLUCION\FACTURACION.WEB\APP_DATA\FACTURACIONDB.MDF] SET DB_CHAINING OFF 
GO
ALTER DATABASE [D571D10D829540F46EAC535478A02676_PROYECTOS\PROCESO DE SELECCIÓN\PRUEBA NUEVA\SOLUCION\FACTURACION.WEB\APP_DATA\FACTURACIONDB.MDF] SET FILESTREAM( NON_TRANSACTED_ACCESS = OFF ) 
GO
ALTER DATABASE [D571D10D829540F46EAC535478A02676_PROYECTOS\PROCESO DE SELECCIÓN\PRUEBA NUEVA\SOLUCION\FACTURACION.WEB\APP_DATA\FACTURACIONDB.MDF] SET TARGET_RECOVERY_TIME = 60 SECONDS 
GO
ALTER DATABASE [D571D10D829540F46EAC535478A02676_PROYECTOS\PROCESO DE SELECCIÓN\PRUEBA NUEVA\SOLUCION\FACTURACION.WEB\APP_DATA\FACTURACIONDB.MDF] SET DELAYED_DURABILITY = DISABLED 
GO
ALTER DATABASE [D571D10D829540F46EAC535478A02676_PROYECTOS\PROCESO DE SELECCIÓN\PRUEBA NUEVA\SOLUCION\FACTURACION.WEB\APP_DATA\FACTURACIONDB.MDF] SET QUERY_STORE = OFF
GO
USE [D571D10D829540F46EAC535478A02676_PROYECTOS\PROCESO DE SELECCIÓN\PRUEBA NUEVA\SOLUCION\FACTURACION.WEB\APP_DATA\FACTURACIONDB.MDF]
GO
ALTER DATABASE SCOPED CONFIGURATION SET MAXDOP = 0;
GO
ALTER DATABASE SCOPED CONFIGURATION FOR SECONDARY SET MAXDOP = PRIMARY;
GO
ALTER DATABASE SCOPED CONFIGURATION SET LEGACY_CARDINALITY_ESTIMATION = OFF;
GO
ALTER DATABASE SCOPED CONFIGURATION FOR SECONDARY SET LEGACY_CARDINALITY_ESTIMATION = PRIMARY;
GO
ALTER DATABASE SCOPED CONFIGURATION SET PARAMETER_SNIFFING = ON;
GO
ALTER DATABASE SCOPED CONFIGURATION FOR SECONDARY SET PARAMETER_SNIFFING = PRIMARY;
GO
ALTER DATABASE SCOPED CONFIGURATION SET QUERY_OPTIMIZER_HOTFIXES = OFF;
GO
ALTER DATABASE SCOPED CONFIGURATION FOR SECONDARY SET QUERY_OPTIMIZER_HOTFIXES = PRIMARY;
GO
USE [D571D10D829540F46EAC535478A02676_PROYECTOS\PROCESO DE SELECCIÓN\PRUEBA NUEVA\SOLUCION\FACTURACION.WEB\APP_DATA\FACTURACIONDB.MDF]
GO
/****** Object:  Table [dbo].[Client]    Script Date: 14/9/2018 10:42:41 ******/
SET ANSI_NULLS ON
GO
SET QUOTED_IDENTIFIER ON
GO
CREATE TABLE [dbo].[Client](
	[ClientId] [int] IDENTITY(1,1) NOT NULL,
	[Name] [varchar](50) NOT NULL,
	[Address] [varchar](100) NOT NULL,
	[BornDate] [date] NOT NULL,
	[PhoneNumber] [varchar](10) NOT NULL,
	[Email] [varchar](254) NOT NULL,
PRIMARY KEY CLUSTERED 
(
	[ClientId] ASC
)WITH (PAD_INDEX = OFF, STATISTICS_NORECOMPUTE = OFF, IGNORE_DUP_KEY = OFF, ALLOW_ROW_LOCKS = ON, ALLOW_PAGE_LOCKS = ON) ON [PRIMARY]
) ON [PRIMARY]

GO
/****** Object:  Table [dbo].[Invoice]    Script Date: 14/9/2018 10:42:41 ******/
SET ANSI_NULLS ON
GO
SET QUOTED_IDENTIFIER ON
GO
CREATE TABLE [dbo].[Invoice](
	[InvoiceId] [int] IDENTITY(1,1) NOT NULL,
	[ClientId] [int] NOT NULL,
	[IssueDate] [date] NOT NULL,
	[Paid] [bit] NOT NULL,
PRIMARY KEY CLUSTERED 
(
	[InvoiceId] ASC
)WITH (PAD_INDEX = OFF, STATISTICS_NORECOMPUTE = OFF, IGNORE_DUP_KEY = OFF, ALLOW_ROW_LOCKS = ON, ALLOW_PAGE_LOCKS = ON) ON [PRIMARY]
) ON [PRIMARY]

GO
/****** Object:  Table [dbo].[InvoiceDetail]    Script Date: 14/9/2018 10:42:41 ******/
SET ANSI_NULLS ON
GO
SET QUOTED_IDENTIFIER ON
GO
CREATE TABLE [dbo].[InvoiceDetail](
	[InvoiceDetailId] [int] IDENTITY(1,1) NOT NULL,
	[InvoiceId] [int] NOT NULL,
	[ProductId] [int] NOT NULL,
	[Amount] [int] NOT NULL,
	[SellPrice] [decimal](10, 2) NOT NULL,
	[Total]  AS ([Amount]*[SellPrice]),
PRIMARY KEY CLUSTERED 
(
	[InvoiceDetailId] ASC
)WITH (PAD_INDEX = OFF, STATISTICS_NORECOMPUTE = OFF, IGNORE_DUP_KEY = OFF, ALLOW_ROW_LOCKS = ON, ALLOW_PAGE_LOCKS = ON) ON [PRIMARY]
) ON [PRIMARY]

GO
/****** Object:  Table [dbo].[Product]    Script Date: 14/9/2018 10:42:41 ******/
SET ANSI_NULLS ON
GO
SET QUOTED_IDENTIFIER ON
GO
CREATE TABLE [dbo].[Product](
	[ProductId] [int] IDENTITY(1,1) NOT NULL,
	[Name] [varchar](50) NOT NULL,
	[UnitPrice] [decimal](10, 2) NOT NULL,
PRIMARY KEY CLUSTERED 
(
	[ProductId] ASC
)WITH (PAD_INDEX = OFF, STATISTICS_NORECOMPUTE = OFF, IGNORE_DUP_KEY = OFF, ALLOW_ROW_LOCKS = ON, ALLOW_PAGE_LOCKS = ON) ON [PRIMARY]
) ON [PRIMARY]

GO
SET IDENTITY_INSERT [dbo].[Client] ON 

INSERT [dbo].[Client] ([ClientId], [Name], [Address], [BornDate], [PhoneNumber], [Email]) VALUES (1, N'Juan Pablo', N'Yi 1807', CAST(N'2017-01-01' AS Date), N'123456789', N'juanpablo@juanpablo.com')
INSERT [dbo].[Client] ([ClientId], [Name], [Address], [BornDate], [PhoneNumber], [Email]) VALUES (4, N'Pablo Juan', N'Yi 1807', CAST(N'2017-01-01' AS Date), N'123456789', N'pablojuan@juanpablo.com')
SET IDENTITY_INSERT [dbo].[Client] OFF
SET IDENTITY_INSERT [dbo].[Invoice] ON 

INSERT [dbo].[Invoice] ([InvoiceId], [ClientId], [IssueDate], [Paid]) VALUES (1, 1, CAST(N'2017-01-01' AS Date), 1)
INSERT [dbo].[Invoice] ([InvoiceId], [ClientId], [IssueDate], [Paid]) VALUES (4, 1, CAST(N'2017-01-05' AS Date), 1)
INSERT [dbo].[Invoice] ([InvoiceId], [ClientId], [IssueDate], [Paid]) VALUES (6, 1, CAST(N'2017-01-15' AS Date), 1)
INSERT [dbo].[Invoice] ([InvoiceId], [ClientId], [IssueDate], [Paid]) VALUES (7, 1, CAST(N'2017-02-12' AS Date), 1)
INSERT [dbo].[Invoice] ([InvoiceId], [ClientId], [IssueDate], [Paid]) VALUES (8, 1, CAST(N'2017-02-19' AS Date), 1)
INSERT [dbo].[Invoice] ([InvoiceId], [ClientId], [IssueDate], [Paid]) VALUES (10, 4, CAST(N'2017-05-01' AS Date), 1)
INSERT [dbo].[Invoice] ([InvoiceId], [ClientId], [IssueDate], [Paid]) VALUES (11, 4, CAST(N'2017-05-08' AS Date), 1)
INSERT [dbo].[Invoice] ([InvoiceId], [ClientId], [IssueDate], [Paid]) VALUES (12, 4, CAST(N'2017-06-15' AS Date), 1)
SET IDENTITY_INSERT [dbo].[Invoice] OFF
SET IDENTITY_INSERT [dbo].[InvoiceDetail] ON 

INSERT [dbo].[InvoiceDetail] ([InvoiceDetailId], [InvoiceId], [ProductId], [Amount], [SellPrice]) VALUES (1, 1, 1, 500, CAST(50.00 AS Decimal(10, 2)))
INSERT [dbo].[InvoiceDetail] ([InvoiceDetailId], [InvoiceId], [ProductId], [Amount], [SellPrice]) VALUES (2, 1, 2, 1000, CAST(1000.00 AS Decimal(10, 2)))
INSERT [dbo].[InvoiceDetail] ([InvoiceDetailId], [InvoiceId], [ProductId], [Amount], [SellPrice]) VALUES (4, 4, 6, 1250, CAST(175.00 AS Decimal(10, 2)))
INSERT [dbo].[InvoiceDetail] ([InvoiceDetailId], [InvoiceId], [ProductId], [Amount], [SellPrice]) VALUES (5, 4, 11, 100, CAST(7500.00 AS Decimal(10, 2)))
INSERT [dbo].[InvoiceDetail] ([InvoiceDetailId], [InvoiceId], [ProductId], [Amount], [SellPrice]) VALUES (6, 6, 3, 50, CAST(1.00 AS Decimal(10, 2)))
INSERT [dbo].[InvoiceDetail] ([InvoiceDetailId], [InvoiceId], [ProductId], [Amount], [SellPrice]) VALUES (7, 6, 8, 100, CAST(6499.00 AS Decimal(10, 2)))
INSERT [dbo].[InvoiceDetail] ([InvoiceDetailId], [InvoiceId], [ProductId], [Amount], [SellPrice]) VALUES (8, 7, 1, 132, CAST(465.00 AS Decimal(10, 2)))
INSERT [dbo].[InvoiceDetail] ([InvoiceDetailId], [InvoiceId], [ProductId], [Amount], [SellPrice]) VALUES (9, 7, 6, 123, CAST(45640.00 AS Decimal(10, 2)))
INSERT [dbo].[InvoiceDetail] ([InvoiceDetailId], [InvoiceId], [ProductId], [Amount], [SellPrice]) VALUES (10, 8, 7, 70, CAST(1200.00 AS Decimal(10, 2)))
INSERT [dbo].[InvoiceDetail] ([InvoiceDetailId], [InvoiceId], [ProductId], [Amount], [SellPrice]) VALUES (11, 8, 8, 88, CAST(4889.99 AS Decimal(10, 2)))
INSERT [dbo].[InvoiceDetail] ([InvoiceDetailId], [InvoiceId], [ProductId], [Amount], [SellPrice]) VALUES (12, 10, 10, 10, CAST(10000.00 AS Decimal(10, 2)))
INSERT [dbo].[InvoiceDetail] ([InvoiceDetailId], [InvoiceId], [ProductId], [Amount], [SellPrice]) VALUES (13, 10, 5, 50, CAST(150.00 AS Decimal(10, 2)))
INSERT [dbo].[InvoiceDetail] ([InvoiceDetailId], [InvoiceId], [ProductId], [Amount], [SellPrice]) VALUES (14, 11, 11, 11, CAST(1100.00 AS Decimal(10, 2)))
INSERT [dbo].[InvoiceDetail] ([InvoiceDetailId], [InvoiceId], [ProductId], [Amount], [SellPrice]) VALUES (15, 11, 4, 500, CAST(480.00 AS Decimal(10, 2)))
INSERT [dbo].[InvoiceDetail] ([InvoiceDetailId], [InvoiceId], [ProductId], [Amount], [SellPrice]) VALUES (16, 12, 7, 80, CAST(5000.00 AS Decimal(10, 2)))
INSERT [dbo].[InvoiceDetail] ([InvoiceDetailId], [InvoiceId], [ProductId], [Amount], [SellPrice]) VALUES (17, 12, 2, 250, CAST(1200.00 AS Decimal(10, 2)))
SET IDENTITY_INSERT [dbo].[InvoiceDetail] OFF
SET IDENTITY_INSERT [dbo].[Product] ON 

INSERT [dbo].[Product] ([ProductId], [Name], [UnitPrice]) VALUES (1, N'Wnix', CAST(50.00 AS Decimal(10, 2)))
INSERT [dbo].[Product] ([ProductId], [Name], [UnitPrice]) VALUES (2, N'Wnix XP', CAST(100.00 AS Decimal(10, 2)))
INSERT [dbo].[Product] ([ProductId], [Name], [UnitPrice]) VALUES (3, N'Wnix Vista ', CAST(0.99 AS Decimal(10, 2)))
INSERT [dbo].[Product] ([ProductId], [Name], [UnitPrice]) VALUES (4, N'Wnix 7', CAST(150.00 AS Decimal(10, 2)))
INSERT [dbo].[Product] ([ProductId], [Name], [UnitPrice]) VALUES (5, N'Wnix 8', CAST(99.99 AS Decimal(10, 2)))
INSERT [dbo].[Product] ([ProductId], [Name], [UnitPrice]) VALUES (6, N'Wnix 10', CAST(200.00 AS Decimal(10, 2)))
INSERT [dbo].[Product] ([ProductId], [Name], [UnitPrice]) VALUES (7, N'Wnix Server', CAST(7500.00 AS Decimal(10, 2)))
INSERT [dbo].[Product] ([ProductId], [Name], [UnitPrice]) VALUES (8, N'Wnix Server 2003', CAST(6500.00 AS Decimal(10, 2)))
INSERT [dbo].[Product] ([ProductId], [Name], [UnitPrice]) VALUES (9, N'Wnix Server 2008', CAST(5000.00 AS Decimal(10, 2)))
INSERT [dbo].[Product] ([ProductId], [Name], [UnitPrice]) VALUES (10, N'Wnix Server 2012 ', CAST(5999.00 AS Decimal(10, 2)))
INSERT [dbo].[Product] ([ProductId], [Name], [UnitPrice]) VALUES (11, N'Wnix Server 2016', CAST(4999.00 AS Decimal(10, 2)))
SET IDENTITY_INSERT [dbo].[Product] OFF
ALTER TABLE [dbo].[Invoice]  WITH CHECK ADD  CONSTRAINT [FK_Invoice_Client] FOREIGN KEY([ClientId])
REFERENCES [dbo].[Client] ([ClientId])
GO
ALTER TABLE [dbo].[Invoice] CHECK CONSTRAINT [FK_Invoice_Client]
GO
ALTER TABLE [dbo].[InvoiceDetail]  WITH CHECK ADD  CONSTRAINT [FK_InvoiceDetail_Invoice] FOREIGN KEY([InvoiceId])
REFERENCES [dbo].[Invoice] ([InvoiceId])
GO
ALTER TABLE [dbo].[InvoiceDetail] CHECK CONSTRAINT [FK_InvoiceDetail_Invoice]
GO
ALTER TABLE [dbo].[InvoiceDetail]  WITH CHECK ADD  CONSTRAINT [FK_InvoiceDetail_Product] FOREIGN KEY([ProductId])
REFERENCES [dbo].[Product] ([ProductId])
GO
ALTER TABLE [dbo].[InvoiceDetail] CHECK CONSTRAINT [FK_InvoiceDetail_Product]
GO
USE [master]
GO
ALTER DATABASE [D571D10D829540F46EAC535478A02676_PROYECTOS\PROCESO DE SELECCIÓN\PRUEBA NUEVA\SOLUCION\FACTURACION.WEB\APP_DATA\FACTURACIONDB.MDF] SET  READ_WRITE 
GO
